--1
INSERT INTO RaServiceDetail VALUES 
('SR001','CL001',3)

INSERT INTO HeaderServiceTransaction VALUES
('SR001','CU001','ST001','Laundry Service',100000,'2019/8/12')

--2
INSERT INTO RaServiceDetail VALUES 
('SR002','CL002',4)

INSERT INTO HeaderServiceTransaction VALUES
('SR002','CU002','ST002','Laundry Service',200000,'2019/8/11')

--3
INSERT INTO RaServiceDetail VALUES 
('SR003','CL003',5)

INSERT INTO HeaderServiceTransaction VALUES
('SR003','CU004','ST003','Laundry Service',100000,'2019/5/12')

--4
INSERT INTO RaServiceDetail VALUES 
('SR004','CL004',4)

INSERT INTO HeaderServiceTransaction VALUES
('SR004','CU005','ST004','Dry Cleaning Service',300000,'2019/4/7')

--5
INSERT INTO RaServiceDetail VALUES 
('SR005','CL005',7)

INSERT INTO HeaderServiceTransaction VALUES
('SR005','CU005','ST005','Dry Cleaning Service',500000,'2019/3/10')

--6
INSERT INTO RaServiceDetail VALUES 
('SR006','CL006',2)

INSERT INTO HeaderServiceTransaction VALUES
('SR006','CU006','ST006','Ironing Service',300000,'2019/10/9')

--7
INSERT INTO RaServiceDetail VALUES 
('SR007','CL007',6)

INSERT INTO HeaderServiceTransaction VALUES
('SR007','CU007','ST007','Ironing Service',400000,'2019/2/12')

--8
INSERT INTO RaServiceDetail VALUES 
('SR008','CL008',5)

INSERT INTO HeaderServiceTransaction VALUES
('SR008','CU008','ST008','Ironing Service',500000,'2019/9/11')

--9
INSERT INTO RaServiceDetail VALUES 
('SR009','CL009',6)

INSERT INTO HeaderServiceTransaction VALUES
('SR009','CU009','ST009','Dry Cleaning Service',150000,'2019/11/12')

--10
INSERT INTO RaServiceDetail VALUES 
('SR010','CL010',3)

INSERT INTO HeaderServiceTransaction VALUES
('SR010','CU010','ST010','Laundry Service',200000,'2019/4/12')

--11
INSERT INTO RaServiceDetail VALUES 
('SR011','CL010',3)

INSERT INTO HeaderServiceTransaction VALUES
('SR011','CU010','ST010','Laundry Service',470000,'2019/9/12')

--12
INSERT INTO RaServiceDetail VALUES 
('SR012','CL010',7)

INSERT INTO HeaderServiceTransaction VALUES
('SR012','CU010','ST010','Dry Cleaning Service',250000,'2019/7/7')

--13
INSERT INTO RaServiceDetail VALUES 
('SR013','CL009',6)

INSERT INTO HeaderServiceTransaction VALUES
('SR013','CU009','ST009','Dry Cleaning Service',200000,'2019/8/12')

--14
INSERT INTO RaServiceDetail VALUES 
('SR014','CL010',10)

INSERT INTO HeaderServiceTransaction VALUES
('SR014','CU010','ST002','Ironing Service',600000,'2019/1/10')

--15
INSERT INTO RaServiceDetail VALUES 
('SR015','CL010',3)

INSERT INTO HeaderServiceTransaction VALUES
('SR015','CL010','ST007','Laundry Service',100000,'2019/8/12')

--16
INSERT INTO RaServiceDetail VALUES 
('SR016','CL010',5)

INSERT INTO HeaderServiceTransaction VALUES
('SR016','CL010','ST008','Dry Cleaning Service',350000,'2019/11/11')

--17
INSERT INTO RaServiceDetail VALUES 
('SR017','CL010',8)

INSERT INTO HeaderServiceTransaction VALUES
('SR017','CU010','ST007','Laundry Service',170000,'2019/5/5')

--18
INSERT INTO RaServiceDetail VALUES 
('SR018','CL010',5)

INSERT INTO HeaderServiceTransaction VALUES
('SR018','CU010','ST009','Ironing Service',180000,'2019/12/12')

--19
INSERT INTO RaServiceDetail VALUES 
('SR019','CL010',15)

INSERT INTO HeaderServiceTransaction VALUES
('SR019','CU010','ST005','Laundry Service',240000,'2019/4/4')

--20
INSERT INTO RaServiceDetail VALUES 
('SR020','CL001',20)

INSERT INTO HeaderServiceTransaction VALUES
('SR020','CL001','ST007','Laundry Service',275000,'2019/6/15')

--21
INSERT INTO RaServiceDetail VALUES 
('SR021','CL010',17)

INSERT INTO HeaderServiceTransaction VALUES
('SR021','CU010','ST001','Ironing Service',700000,'2019/12/10')

--21
INSERT INTO RaServiceDetail VALUES 
('SR021','CL001',4)

INSERT INTO HeaderServiceTransaction VALUES
('SR021','CU001','ST004','Laundry Service',120000,'2019/5/5')

--22
INSERT INTO RaServiceDetail VALUES 
('SR022','CL008',4)

INSERT INTO HeaderServiceTransaction VALUES
('SR022','CL008','ST004','Ironing Service',130000,'2019/7/7')

--23
INSERT INTO RaServiceDetail VALUES 
('SR023','CL006',3)

INSERT INTO HeaderServiceTransaction VALUES
('SR023','CU006','ST007','Laundry Service',180000,'2019/7/4')

--24
INSERT INTO RaServiceDetail VALUES 
('SR024','CL006',3)

INSERT INTO HeaderServiceTransaction VALUES
('SR024','CU006','ST006','Ironing Service',190000,'2019/4/3')

--25
INSERT INTO RaServiceDetail VALUES 
('SR025','CL003',3)

INSERT INTO HeaderServiceTransaction VALUES
('SR025','CU003','ST003','Ironing Service',260000,'2019/7/2')

--1
INSERT INTO RaPurchaseDetail VALUES
('PU001','MA001',2)
INSERT INTO HeaderPurchaseTransaction VALUES
('PU001','ST001','VE001','2019/9/8')

--2
INSERT INTO RaPurchaseDetail VALUES
('PU002','MA002',3)
INSERT INTO HeaderPurchaseTransaction VALUES
('PU002','ST004','VE002','2019/4/5')

--3
INSERT INTO RaPurchaseDetail VALUES
('PU003','MA004',1)
INSERT INTO HeaderPurchaseTransaction VALUES
('PU003','ST009','VE008','2019/4/18')

--4
INSERT INTO RaPurchaseDetail VALUES
('PU004','MA004',4)
INSERT INTO HeaderPurchaseTransaction VALUES
('PU004','ST009','VE007','2019/6/17')

--5
INSERT INTO RaPurchaseDetail VALUES
('PU005','MA003',6)
INSERT INTO HeaderPurchaseTransaction VALUES
('PU005','ST004','VE006','2019/9/9')
--6
INSERT INTO RaPurchaseDetail VALUES
('PU006','MA007',2)
INSERT INTO HeaderPurchaseTransaction VALUES
('PU006','ST007','VE002','2019/10/18')

--7
INSERT INTO RaPurchaseDetail VALUES
('PU007','MA009',8)
INSERT INTO HeaderPurchaseTransaction VALUES
('PU007','ST001','VE010','2019/4/2')

--8
INSERT INTO RaPurchaseDetail VALUES
('PU008','MA010',10)
INSERT INTO HeaderPurchaseTransaction VALUES
('PU008','ST006','VE009','2019/4/26')

--9
INSERT INTO RaPurchaseDetail VALUES
('PU009','MA008',7)
INSERT INTO HeaderPurchaseTransaction VALUES
('PU009','ST005','VE010','2019/6/10')

--10
INSERT INTO RaPurchaseDetail VALUES
('PU010','MA007',2)
INSERT INTO HeaderPurchaseTransaction VALUES
('PU010','ST010','VE004','2019/9/10')

--11
INSERT INTO RaPurchaseDetail VALUES
('PU011','MA009',6)
INSERT INTO HeaderPurchaseTransaction VALUES
('PU011','ST002','VE003','2019/11/13')

--12
INSERT INTO RaPurchaseDetail VALUES
('PU012','MA005',9)
INSERT INTO HeaderPurchaseTransaction VALUES
('PU012','ST003','VE005','2019/2/1')

--13
INSERT INTO RaPurchaseDetail VALUES
('PU013','MA002',7)
INSERT INTO HeaderPurchaseTransaction VALUES
('PU013','ST008','VE003','2019/6/7')

--14
INSERT INTO RaPurchaseDetail VALUES
('PU014','MA002',5)
INSERT INTO HeaderPurchaseTransaction VALUES
('PU014','ST004','VE009','2019/7/26')

--15
INSERT INTO RaPurchaseDetail VALUES
('PU015','MA006',2)
INSERT INTO HeaderPurchaseTransaction VALUES
('PU015','ST005','VE009','2019/9/27')

--16
INSERT INTO RaPurchaseDetail VALUES
('PU016','MA003',6)
INSERT INTO HeaderPurchaseTransaction VALUES
('PU016','ST006','VE009','2019/10/28')

--17
INSERT INTO RaPurchaseDetail VALUES
('PU017','MA002',6)
INSERT INTO HeaderPurchaseTransaction VALUES
('PU017','ST003','VE008','2019/1/16')

--18
INSERT INTO RaPurchaseDetail VALUES
('PU018','MA009',2)
INSERT INTO HeaderPurchaseTransaction VALUES
('PU018','ST004','VE003','2019/5/16')

--19
INSERT INTO RaPurchaseDetail VALUES
('PU019','MA004',1)
INSERT INTO HeaderPurchaseTransaction VALUES
('PU019','ST007','VE010','2019/5/20')

--20
INSERT INTO RaPurchaseDetail VALUES
('PU020','MA003',8)
INSERT INTO HeaderPurchaseTransaction VALUES
('PU020','ST002','VE006','2019/6/4')

--21
INSERT INTO RaPurchaseDetail VALUES
('PU021','MA010',3)
INSERT INTO HeaderPurchaseTransaction VALUES
('PU021','ST003','VE006','2019/12/23')

--22
INSERT INTO RaPurchaseDetail VALUES
('PU022','MA006',3)
INSERT INTO HeaderPurchaseTransaction VALUES
('PU022','ST007','VE002','2019/1/23')

--23
INSERT INTO RaPurchaseDetail VALUES
('PU023','MA009',10)
INSERT INTO HeaderPurchaseTransaction VALUES
('PU023','ST004','VE008','2019/7/1')

--24
INSERT INTO RaPurchaseDetail VALUES
('PU024','MA002',1)
INSERT INTO HeaderPurchaseTransaction VALUES
('PU024','ST010','VE001','2019/7/2')

--25
INSERT INTO RaPurchaseDetail VALUES
('PU025','MA004',2)
INSERT INTO HeaderPurchaseTransaction VALUES
('PU025','ST007','VE006','2019/8/14')

--26
INSERT INTO RaPurchaseDetail VALUES
('PU026','MA005',1)
INSERT INTO HeaderPurchaseTransaction VALUES
('PU026','ST004','VE003','2019/5/6')

--27
INSERT INTO RaPurchaseDetail VALUES
('PU027','MA002',2)
INSERT INTO HeaderPurchaseTransaction VALUES
('PU027','ST004','VE002','2019/4/5')
